Close,High,Low,Open,Volume,SMA_10,SMA_50,RSI,MACD,MACD_signal,EMA_20,WILLIAMS_R,STOCH_K,STOCH_D,ADX,CCI,OBV
0.19127442974933784,0.15748143931886532,0.17251188271992962,0.1963737926377518,0.5513694170458009,0.19075639916658885,0.0,0.4198192441266873,0.3915784539380719,0.5323419663220803,0.16973200237605227,0.3475597327551617,0.3475597327551617,0.3340936635547799,0.4167644209852377,0.36527129399430625,0.23751816991148972
0.21763740726287334,0.182479644781667,0.19300038205383865,0.19337513219760705,0.3818836464244344,0.18504872284248908,0.017132595882849638,0.45595402613513836,0.3893428347635866,0.5057288561673866,0.1676470707198532,0.4260188668737692,0.4260188668737692,0.40510550088130415,0.37851333046159574,0.4241482410987924,0.2762433941762297
0.18898205870682333,0.18543334858002916,0.1819905783787789,0.2223152220882554,0.464110030619362,0.1701598511633842,0.03211544868230163,0.41810270781845105,0.37880450104218655,0.4820705378090358,0.16199833204068892,0.34073738323178504,0.34073738323178504,0.3820727440788505,0.3465755657316137,0.41631449054054687,0.23366271209685335
0.2113331956008688,0.18701825745106684,0.17484514803863083,0.17740586343937978,0.44016065790379755,0.16125687540876807,0.04854498338265906,0.4503305285829459,0.3774483615317007,0.4628391757350063,0.1598222139963174,0.4456424545849598,0.4456424545849598,0.41592602596445827,0.3193313788420641,0.43876424458123825,0.2751204480915159
0.31399099492029553,0.2702975348170446,0.2600802023795034,0.24853554472969014,0.6017935269127898,0.1695781204411582,0.06759071474078847,0.5758760022205186,0.4078111325089294,0.45427621650234135,0.17133204449615833,0.9237967352274479,0.9237967352274479,0.5877342117429487,0.29066041460914455,0.6202544462631864,0.324156879343476
0.26792746527447586,0.2894604439481663,0.28129787493956004,0.3253835473021899,0.5812374422094484,0.17729234322987394,0.08367547791294982,0.5112982654417795,0.41728944186038586,0.4495555052884805,0.1756976803017452,0.7427270748598745,0.7427270748598745,0.7264810785908037,0.27021703080306764,0.620476700319321,0.27608428856904377
0.27559282348272934,0.2797348767782268,0.2645278920440906,0.2972105466955628,0.5390855371751508,0.1935638866919256,0.10020866877214517,0.52032818413777,0.42669521302503904,0.44789229407698994,0.1806539826524598,0.7721014627873588,0.7721014627873588,0.8391585066086518,0.2445283425853265,0.6162084608011469,0.32218044692148073
0.26262629575095325,0.22966646451328818,0.25359096118916,0.2720362065290803,0.34899118372367166,0.20787104051326089,0.11534925883087108,0.5014244540865226,0.42964015461570676,0.4472234162177822,0.18343578520020992,0.7224124847490504,0.7224124847490504,0.7696506700439472,0.2162321319827352,0.5689776233511566,0.28499749529348545
0.27265562402097887,0.26590303475202354,0.2739337148828105,0.29135283202149254,0.3799391703523306,0.22248170545643348,0.13072870865912753,0.5147179249506958,0.43450792031922697,0.447782039287046,0.18726947861097096,0.7608458327090464,0.7608458327090465,0.7759043649398687,0.20303851276722698,0.633728472826548,0.3236315463230045
0.25388640569643983,0.22959446317395293,0.24104993824167564,0.27447697418019396,0.22860138854136342,0.2274812063155217,0.14577916240432212,0.4850557314259756,0.4320374415250923,0.44767385241897734,0.1882737093338984,0.6889203877158793,0.6889203877158794,0.7471943910585445,0.17689861291679532,0.5839217737067647,0.29209347110764294
0.2874848193682452,0.2507743991378307,0.2702880712645003,0.2823570635153971,0.3990866689529487,0.23880384482583827,0.15983812013909204,0.5323590201999062,0.43982827364431926,0.4493378043161329,0.19359368243466632,0.8176727317199797,0.8176727317199797,0.7800734948704835,0.16052442641674536,0.6745202294353585,0.33162531636505227
0.29751414763827083,0.2654708068645967,0.3065986505511299,0.29944211785168606,0.30767311257302865,0.24820423765488142,0.17482322509995735,0.5461898638576355,0.44837657330578573,0.4525896605971768,0.1997238158695864,0.8561060796799757,0.8561060796799757,0.8129525986824223,0.15075550925333747,0.719181226321455,0.3668709326491291
0.3847697408334126,0.340825539875386,0.3268684201684375,0.3130404220619092,0.7165442051272262,0.27124575279969154,0.19291576954137693,0.6512589779120064,0.48099021200993053,0.4625190175442158,0.21672655710103728,0.993318455130973,0.993318455130973,0.9180156861395518,0.16612225477612239,0.8622135583758691,0.42128783153794735
0.29386063004950697,0.3040847404098888,0.2904119839853355,0.3296373867122768,0.7119339150853027,0.2809580958340257,0.2067403752678569,0.5070195098440015,0.47771129246268385,0.4697257713711928,0.22017386235950046,0.5902111152374282,0.5902111152374282,0.8395072386037862,0.16373350270222434,0.7179704500586637,0.3670871014487657
0.27817180922523305,0.2756286019219633,0.2767044396347147,0.31157604659697635,0.4182028050362748,0.27674267073320696,0.21774372418030175,0.4851796940562529,0.4693058679537336,0.473602581908276,0.22123295189649833,0.5157263237337004,0.5157263237337004,0.722025060180972,0.15545930608243475,0.6614957740652764,0.3266589324995181
0.22759513651364133,0.2175635340367919,0.2288735019072655,0.2641562236010461,0.4687830456958695,0.27199611081751557,0.22712462632602004,0.41830266435374897,0.44633203823486056,0.47154210151210363,0.21555059158098105,0.2891776054184299,0.28917760541842985,0.47899062732892583,0.12788897696960788,0.528446496282477,0.2838591405484013
0.22429972333264447,0.18665803090297484,0.19956260732052536,0.2122733647000387,0.40043593899035873,0.2659596189856735,0.23628018854751504,0.41406699837653255,0.42663616954919825,0.46546830473400613,0.20997672934995434,0.27441642022280943,0.2744164202228095,0.3699939903181706,0.10713157299302681,0.46412156737021837,0.24426403027258303
0.22035959104389205,0.17736480154617085,0.1730951990496049,0.1903765781646317,0.5251817151069836,0.26098540964803363,0.24174242611010832,0.408692116623807,0.40953619134333064,0.4567671185926503,0.20441638212836022,0.2624268113981194,0.2624268113981195,0.28256758500833945,0.09740161906925936,0.41134281443290915,0.19881979891378534
0.23669313097592196,0.20682950841332903,0.24265403033422944,0.23744770486652125,0.34529927000332034,0.2567531192447636,0.24374569789891912,0.4351135969969784,0.40085238530293155,0.4478550283476045,0.20153014264411215,0.33503556152254155,0.3350355615225416,0.2983954727925329,0.07589229309614601,0.4996713447338639,0.23582964287392616
0.19191914885709382,0.22404728212532124,0.20371858319216754,0.26569040216908907,0.5804186077905856,0.24946042610167338,0.2468734137090199,0.37121038842876514,0.38021151636335204,0.43608761409143365,0.1930400769504272,0.1359983109773498,0.13599831097734977,0.25062041941982194,0.07013738335092942,0.42028027213695074,0.18779544587771982
0.23031732029466023,0.18745048533849368,0.20831212975322705,0.2114365787200771,0.32595064221572095,0.2427325983783579,0.24973072229773544,0.43426034868667407,0.37582177291315594,0.42568736288127135,0.19040016791903597,0.30669267648213866,0.30669267648213866,0.2658987964942264,0.06479353858751405,0.4160072275630306,0.22389806499833287
0.2238699105941407,0.185865576467456,0.2161137492431798,0.21834027586909918,0.2134935185267253,0.23406568540023107,0.2505396918004786,0.42459226928052346,0.37052763867389593,0.41617763694181964,0.18716515084923452,0.2780315067759451,0.2780315067759451,0.24622382930369657,0.05983139702148546,0.4117261630066689,0.1930683725737354
0.23848409026067507,0.21043155404283123,0.2210718824173127,0.23486754382352668,0.3513760986255718,0.21684987796776564,0.2502625212180254,0.44931292767193337,0.37101322215955496,0.408678960654888,0.18615703401893488,0.3429970515443493,0.34299705154434923,0.3176695088652873,0.04308101879053314,0.4531051541375337,0.23036314887802894
0.2189268454783851,0.19602337152482238,0.2275611236076563,0.2406554553944872,0.18368753660380754,0.20803120299649208,0.24898484426028747,0.41726534641557156,0.3655924919597841,0.4014620501436457,0.18267711348315055,0.2560577165668291,0.2560577165668291,0.3001928367328195,0.027527096147506005,0.4096813280362891,0.2009310091617593
0.19227736257634062,0.1658382115614804,0.18432373244126618,0.18451886349056162,0.4132182101684099,0.19792260897352423,0.2457917779466496,0.375253140314614,0.35344154615419593,0.3929583579708129,0.17602960689596858,0.13759070616786967,0.13759070616786973,0.251719650808434,0.03192226964133178,0.3081033440915574,0.1607365595402465
0.06619389451660825,0.06642173020207753,0.05971566026891517,0.09435144989876953,0.9943663373829615,0.17892790449839155,0.23817078349738524,0.22374479985789383,0.30580906284528653,0.3754529879768641,0.15346076823816437,0.04682833248019913,0.04682833248019907,0.1494969254891213,0.07464486899007101,0.0,0.09329304490793325
0.08116628790238922,0.039766614528902934,0.06525710977272359,0.08479778860364319,0.3982616983893984,0.16208306939756761,0.230011226766763,0.25213060715365837,0.27397043484458594,0.35429495515754084,0.13500717868132106,0.10316068463979712,0.10316068463979709,0.09672446745843437,0.11431585409961459,0.08572343088002629,0.13278620867354132
0.06304178868560598,0.03724513861796782,0.04549767240874821,0.0837516997215218,0.5105367831193296,0.1435689295588673,0.21992275739651934,0.23324468611188684,0.24476763945132093,0.330807030310851,0.1159313747386654,0.0939737275255348,0.0939737275255348,0.08167005374079937,0.15619913435624624,0.14128233319439779,0.08802865371465399
0.04957373988458894,0.021540272437678445,0.04651844817162651,0.05006978714203431,0.3877641184166838,0.12154755294881625,0.21176094506606952,0.21913441432114195,0.2193838896063824,0.30631328305058325,0.09690399462288107,0.05795672543378308,0.05795672543378305,0.08551102202311547,0.1950907517374042,0.19783837521667208,0.04902770394017348
0.0,0.0013687949273242664,0.005614322323937598,0.053347234365940424,0.6016073971906002,0.09896131091899046,0.2025467957021057,0.1705355218377531,0.18626215990342845,0.2792762517021418,0.07317984420826878,0.010930754874794548,0.010930754874794476,0.05367783313544885,0.24164431322224128,0.20753752287285698,0.0
0.046135128665077275,0.0,0.0,0.0,0.42196221634818937,0.0772856022546761,0.1914916195698453,0.26458718681539056,0.17666551688436027,0.2554903823734054,0.05777255781424706,0.19613098786440342,0.1961309878644034,0.08893744325224776,0.2862453990563197,0.28596599250204774,0.040604441466431336
0.07565010269813525,0.0325625232698985,0.036091960826242046,0.05760107377602759,0.39128558367349164,0.059842171129175094,0.18024039536538872,0.31962958446754686,0.1805371358427381,0.23733159069870352,0.04770787053732179,0.30213912520817787,0.30213912520817787,0.17321707433152458,0.30637661461659654,0.3679843066930626,0.07977050686500575
0.05788381720059859,0.020171477510354176,0.04710176450130181,0.07343094914237418,0.2992379590091899,0.03858800497494247,0.17117947893787253,0.29801113474285756,0.18048654719842291,0.22279319073071568,0.036269058320050784,0.23832843606435125,0.2383284360643513,0.25170345458106674,0.32506988620828225,0.381662838711711,0.04492040084255322
0.046994754142085246,0.03609256756006588,0.04783082647123549,0.06443518063627869,0.4304471408633828,0.018353964491012443,0.1603631625751427,0.28462640549512414,0.17946249460926153,0.21093237909795357,0.024489951433302893,0.20956473424728397,0.209564734247284,0.2563401163151139,0.33184884206303517,0.40268475741780047,0.003918115437719441
0.049143927146084954,0.0325625232698985,0.054976368067597495,0.051394662807917074,0.37227853460683336,0.001509129390188742,0.15207966819851457,0.28919304641619165,0.18166666968444986,0.20193898003939692,0.01411484501621211,0.21767478125028522,0.21767478125028525,0.2271872217793022,0.33814358678530576,0.41998223539317275,0.042192972052462335
0.053370564823347184,0.01779411420379765,0.05308056218209928,0.0702231986144084,0.20442429667850487,0.0,0.14314268597858962,0.29870934912286257,0.18700900212270133,0.19594461528928447,0.005282790389157082,0.2336242791099081,0.23362427910990816,0.22556358054624948,0.34475844488788127,0.4255287484502336,0.07259742381264603
0.11684216624745714,0.07427416329222222,0.08122493536570251,0.07900977062551348,0.2885058419506395,0.004198559798367463,0.135929552803609,0.42808563622544776,0.21283056532681124,0.19695090199380402,0.0056255382487803264,0.5002177165576147,0.5002177165576147,0.3258825476128306,0.3135839151637113,0.5137461344573253,0.10694431879175643
0.12923557389073442,0.09595854833427925,0.12263950472293754,0.14700139808379842,0.32128989942858854,0.011988657151428498,0.1302757714916458,0.45050084390042877,0.2388138868114374,0.20359405490076382,0.007562865301635163,0.6242958350999017,0.6242958350999017,0.46622793056907585,0.272564224886287,0.5643041925157601,0.14282840346777975
0.11032304821620062,0.06728629590264013,0.10346338368863747,0.11373777208712237,0.16253829124733504,0.019138014520369274,0.12160468873186553,0.4172094140811904,0.2550733289523375,0.21256186812759675,0.006832520108097141,0.7848880547885941,0.7848880547885941,0.6564967938634596,0.24440038977138545,0.5347261128203703,0.11438791654132478
0.1059531031889438,0.10049705107796998,0.10433830255504345,0.13884241555766455,0.37304691628048725,0.031607236308230174,0.11322880072267227,0.40941471519415407,0.2679674201844014,0.22263325784643165,0.0055979693043183495,0.7344307342467011,0.7344307342467011,0.7373354896213764,0.21453573538344922,0.5674148629815463,0.07607703179330913
0.13131314787547674,0.09430163812390673,0.10514034860132025,0.1119943970240894,0.2642953421889264,0.04163151668339899,0.10631311789810564,0.4609034237732537,0.2871514313130952,0.2350007741666795,0.007810701974063634,0.89632753594461,0.89632753594461,0.831227315609829,0.18680427059465135,0.5988796798391899,0.10928873687666454
0.10194137188093357,0.12174920823260016,0.10834853278642745,0.16338916623917588,0.6303313722669441,0.04472563716366507,0.10114832724751172,0.4053220998094029,0.2943407814347781,0.24651014322082343,0.005956261216979294,0.6246133787983785,0.6246133787983785,0.7759084614406251,0.17538398742194056,0.6193791148728889,0.058914213721955516
0.09026439167614944,0.06685395808950437,0.08880793639526752,0.10474200358102688,0.2759035643500902,0.04853638505685313,0.09406364291819189,0.3841141452247434,0.2974510906904445,0.2564164855958777,0.0027452770582914706,0.5588611622869135,0.5588611622869135,0.7153105691798043,0.15285000998341464,0.5612237315880777,0.025158218490328507
0.091482230872404,0.065125046539797,0.08734970119918622,0.09072519997365358,0.2261073866227955,0.05377194869243091,0.08791411789903406,0.38694870163313716,0.301265597592584,0.2651986309278705,0.0,0.5657187252102,0.5657187252102,0.601200835529884,0.1310289395101623,0.588758147713018,0.05657935412138508
0.1440647692380006,0.10100139023044057,0.10805693024969677,0.10997212877012572,0.4114516822922455,0.0649428252096005,0.08479315857317225,0.499218455128342,0.32126475725211723,0.27671790529859386,0.004420126969763668,0.8267687404849343,0.8267687404849343,0.6709748213674467,0.12997238262618488,0.7740268126112421,0.09669097420136306
0.1657711870242901,0.11944384626537848,0.14640906106208296,0.1504881482098643,0.3026830633543303,0.07817083123428276,0.0836416714228532,0.5393032973428529,0.3442929609167015,0.2911074707585622,0.011269285064553403,0.9771507743544857,0.9771507743544857,0.8153476108146799,0.13784703625225586,0.8389636072232387,0.13170261541230474
0.18905365772608074,0.15467184812488177,0.1745534342456862,0.1710599526722192,0.4833850246707106,0.08666912978126821,0.08526862595082034,0.5799556200236606,0.3699129256608907,0.3083756050082393,0.02052306959177598,0.9244753713129726,0.9244753713129726,0.939172578579416,0.1604221928110423,0.8919352463392122,0.17518706976830425
0.2515939253424455,0.20776607545322645,0.20226034799608644,0.19567640004967088,0.4559578215050054,0.10106902346939983,0.08874561933115067,0.6723756029070547,0.40925290635285455,0.3310293082593793,0.03710691405296684,0.9884988018175003,0.9884988018175003,0.9949937594513013,0.20013425748039748,0.9774058185011394,0.21738550837869883
0.22938609579839445,0.2339889632389742,0.23981043276219605,0.2340306514363957,0.6260701606783576,0.11508110525235156,0.09128970900114662,0.6197603562342071,0.43302892252147224,0.3544944408304804,0.049195515111817655,0.7860329266948477,0.7860329266948477,0.9290293750063061,0.24485405848096226,0.944495933381748,0.1672107863180047
0.20882580887762273,0.1710251660620203,0.1884798195691225,0.20634584692285876,0.4941635037113448,0.1271878066564814,0.09120858649088935,0.5729849034508799,0.44484282427849997,0.3759209811184609,0.05743330920334168,0.6591712043594472,0.6591712043594471,0.8374595594287023,0.25225597728730037,0.7880644687294792,0.12322094708276017
0.22007308565538244,0.18946762209695822,0.20568726189779515,0.23640161598439985,0.2164388679767563,0.13763362954173194,0.09211445394902393,0.591138546259114,0.456857671093463,0.39576179739169415,0.06636328935320576,0.7044160777381339,0.7044160777381339,0.7394083190300256,0.2657037100946238,0.7984099704071338,0.15418874202354071
0.28239844690249527,0.2746200335427306,0.23448782423120287,0.22301250826916716,0.6609057358635158,0.15887094325796972,0.09415152535110244,0.6797898492934764,0.4844819590624747,0.4178412783577943,0.08262595130778286,0.843852541660746,0.843852541660746,0.759364777083407,0.3030944811237076,0.8836934041932827,0.20599684601985033
0.33963754499533766,0.3169800153961946,0.3292745583072679,0.330962368785329,0.4342583685082146,0.1882187307515569,0.09889042368245017,0.7439506576338107,0.5224687423581643,0.44404001265055754,0.10485513143648635,0.920335143032912,0.9203351430329122,0.8495055915849712,0.34748280562747513,0.9425947474236889,0.24717783352317102
0.359481295166137,0.3131618558229792,0.3117025293655214,0.3287307976292057,0.5835234970024933,0.21975853157889577,0.10355045166495427,0.7637253641143983,0.5567284082906467,0.47269671349626846,0.1275726790276172,0.9899734843162097,0.9899734843162097,0.9480658191058366,0.3780351007150159,0.8757713122361026,0.29535761358852036
0.3851995535719164,0.3553058336584386,0.34269050012115804,0.3483263163125491,0.5652391494212593,0.24813677644507726,0.10579033106188229,0.7883838421511985,0.5894704323803591,0.502978792666583,0.15150339038392993,0.9531902761246784,0.9531902761246784,0.9858037720958068,0.4161745664215118,0.8778567724990897,0.34268007113558313
0.43140628125625125,0.40897629155287984,0.41837409723926605,0.4010459611935183,0.6750018237985599,0.27939837053648386,0.1109325897831024,0.8283322442913449,0.6269033312727649,0.5356151547061809,0.17922180825996029,0.9412463786236211,0.9412463786236211,0.9930212915510382,0.4622904479925966,0.9103023334119398,0.39514911715089396
0.4574826440697978,0.4380807718719458,0.45315356850968497,0.45439330196662797,0.5864647556893993,0.31098876727117586,0.11665397032160137,0.848680454358337,0.6614410850526249,0.5694844405697277,0.20772413470814055,0.9385975086476115,0.9385975086476115,0.9752888576013028,0.510282211956428,0.8890400893158247,0.4434668079233761
0.48398881962184764,0.44254738320201037,0.4386438668565736,0.4428172660103685,0.5576146487500332,0.338338447383601,0.12361697260474293,0.8682790359686787,0.6934481480800883,0.6037714513038576,0.23699214505198804,0.9927383327549775,0.9927383327549775,0.9889388816234412,0.5457881398893205,0.8424347756042984,0.4904317653689399
0.5073429986543757,0.506807864041245,0.5164418883205675,0.5255229832569384,0.8221452098186497,0.3710501487388457,0.13099911072289105,0.8847278586783728,0.7221457404422966,0.6376490457541788,0.2665390681579782,0.8956201586552613,0.8956201586552613,0.9731909776384364,0.5903488181957766,0.8541308868205321,0.5498001189855475
0.5810588347177634,0.5385058216105807,0.5150565259446155,0.4991631608164537,0.6774610542305649,0.41485685204691514,0.14129038464957025,0.9290304096474142,0.7632936793023689,0.6739965424882151,0.30295069409453795,0.9974653430949371,0.9974653430949371,0.9935092289712122,0.6366861189359387,0.8423717953384874,0.6023844742082363
0.6494017929268916,0.6623441679409805,0.6536639675167455,0.6724546846447964,0.9187656258628953,0.4653829311303894,0.15267455514568504,0.9610382975190849,0.8120874494284618,0.714037882583966,0.3448677969004701,0.894754625007195,0.894754625007195,0.9596901218267474,0.6948687842736005,0.8911764470323409,0.666283197750975
0.6883014854336987,0.6518982576005659,0.6724025178616291,0.6645745953095933,0.5809749515755915,0.513152131460337,0.16496684869976203,0.9766293345423561,0.8573294643701878,0.75623626292325,0.38790022205255087,0.9685851566557135,0.9685851566557135,0.9848740135358137,0.7488955449442866,0.8580938783628561,0.7143434807780159
0.7519162848963236,0.7146458309080974,0.7216187067088167,0.7034169363822395,0.6631065664247889,0.5616716640791956,0.17651551637780372,0.9988860671649382,0.9068161867058294,0.8011140074960329,0.4351867769526797,0.9917872845740794,0.9917872845740794,0.9829142298748021,0.805201830840043,0.8600382943932355,0.7662547780433623
0.7381618400182769,0.7282616689162963,0.7154940521315467,0.7498605800063269,0.7189536646078765,0.6062371516240861,0.19049109944090337,0.9648481854537405,0.9354516481287741,0.843450228981432,0.4761639279758863,0.9442570290606733,0.9442570290606733,1.0,0.8587225323761923,0.8186220098848435,0.7117249036239442
0.7317859200255353,0.7093869849939316,0.6920889711492612,0.6677823458375592,0.6480177866380676,0.6470255961517778,0.20475962165476244,0.9485437828244446,0.9496762322290199,0.8805152902184769,0.5124013516519124,0.9295488895248271,0.9295488895248271,0.9865266202824492,0.8943841790389022,0.778257734502987,0.6605210940404609
0.7650262292895738,0.7428859653780185,0.7644185271857896,0.7411437046911622,0.6984193973078688,0.6862880717157428,0.22166462373276796,0.9634763168658375,0.9645389315389805,0.9135067996697195,0.5495519573523351,0.9587193977772039,0.9587193977772039,0.9751132288898392,0.9314925722461967,0.7861069452310397,0.7140881509639524
0.8646752301279929,0.8232115389456344,0.7929274869824667,0.7591352417033532,0.6851073723051245,0.7342090340388372,0.24180776285998787,1.0,1.0,0.9478676605877684,0.5962480620038648,1.0,1.0,0.9943529326128343,0.9741665037528339,0.8035849407218945,0.7670310292697414
0.7572891627505829,0.8393486330133506,0.7685746143136459,0.8541840841902036,1.0,0.7663727224123017,0.2586969894928589,0.7798817725737641,0.9880085978055179,0.9726620329889114,0.6243974102192973,0.775951425943741,0.775951425943741,0.9413387203793281,1.0,0.7512554008411951,0.699323361607053
0.7941828802919054,0.7529716491703412,0.6990886558491508,0.6843096137919863,0.6937300191788611,0.8001298280948409,0.27623294060795917,0.8032715204519921,0.9830098833717709,0.9913743830305455,0.6547099162636758,0.8180491105460571,0.8180491105460572,0.8927863270757541,0.9884523935648549,0.7054401927410061,0.7526705414226029
0.7368006934720277,0.734601304400447,0.7322640350270163,0.7437238657341568,0.7599199301297658,0.8184585010644052,0.29337229813266924,0.7055188902589821,0.9547739226992599,1.0,0.6746013866745733,0.6846718763436314,0.6846718763436314,0.7839507273141284,0.9777296161607916,0.6808569729063086,0.6962198272375885
0.6254030040980874,0.705208488946915,0.6440394149614241,0.6794281848969281,0.7831452377721977,0.8156341739655305,0.305799797016646,0.550441663866382,0.8921684987641517,0.9928338470295148,0.6779722075347199,0.4412948088053237,0.4412948088053237,0.6684438920273774,0.9288123524972824,0.6100871130564794,0.6386801171697551
0.691023778526197,0.6477198714792581,0.6451331748006454,0.6317991654060079,0.6807234378227868,0.8159545503898187,0.3204942149881652,0.6076910539743533,0.8573745578531253,0.9792831664146898,0.689637833029873,0.5032859756136636,0.5032859756136636,0.5598032982992109,0.8833891790954524,0.6015188243537541,0.6914174401100217
0.7342215984180442,0.7160867371004654,0.7037550752303393,0.6768479174467642,0.6452878840459556,0.8138721293608578,0.3360877370567511,0.6421773847551849,0.8379233126833848,0.9640721732702195,0.7058642067760861,0.6159856596271529,0.6159856596271529,0.5360962292784932,0.8577565602215044,0.6460411921616037,0.7424932491206354
0.7432481031725471,0.7222821500545287,0.7381699598876849,0.7349371873158823,0.45106254163203724,0.8144707125210785,0.352580366660818,0.6493533666242008,0.8202853492101476,0.9479403515538802,0.7217303679414869,0.46196934438512216,0.46196934438512216,0.5432320516514844,0.8353566685699753,0.6567015375036662,0.7844621562342257
0.773837609051865,0.7490094869184559,0.7839593460893775,0.7528591340393024,0.3214139859100482,0.8194196174728133,0.3708734600588458,0.6739386176270493,0.8108500343031295,0.932914898316149,0.7401017878538202,0.5806771532469686,0.5806771532469686,0.5699436406347689,0.8206606885729949,0.6951460394174007,0.8203520591181067
0.9031450005848164,0.8916504059061764,0.894932524218809,0.8636679423822203,0.37199149939422615,0.8356742956324142,0.3971999238184913,0.7613520877854256,0.8380773176359412,0.9270121617554401,0.7737012693406526,0.9011754711564686,0.9011754711564686,0.6683769926104489,0.8326679695129848,0.8610912935586261,0.8586134571311568
0.9222008336093448,0.8887688133728582,0.9130879807464446,0.879916317145717,0.4527499814211175,0.8424442673151724,0.4236548329853829,0.7724190423806906,0.8600700262833179,0.9272314558431017,0.806602780996077,0.9627971411343352,0.9627971411343352,0.8412378621213925,0.84381758752869,0.8719729369121846,0.900661485477977
0.8796476235137738,0.8608169041116942,0.8786730960890993,0.8748255853484989,0.37639725127989754,0.8568441738677607,0.4493413321854531,0.7088695049166838,0.8589079893320418,0.9271457961147532,0.8307836907198493,0.8251909884338555,0.8251909884338555,0.9256318882361726,0.8382879969521756,0.8093676493085274,0.862193509117803
0.8645318134665184,0.8666522004433743,0.8851622260232289,0.8771965498965031,0.3305118431001439,0.8651232749407076,0.4749760007272934,0.6866092326402862,0.8479918508888897,0.9246245501572606,0.8506769905342797,0.7763103408661987,0.7763103408661987,0.8825346497568525,0.8342663845432556,0.7833215786071455,0.8258770229061565
0.8300020659869679,0.8431667925865662,0.8219468902886898,0.8635285489903396,0.3702154264041033,0.8760917935573771,0.5010838810469546,0.6360292304872803,0.8236329165827357,0.9171344090918483,0.8641420252864378,0.6646500056362935,0.6646500056362935,0.7796290733912578,0.8024404338401517,0.6861817888911989,0.7876989019890919
0.8312917228254394,0.7954757436281837,0.8312067449747237,0.8089957259432278,0.1830425596177591,0.9003220616680876,0.5257811381172198,0.6371727859356368,0.799951480877046,0.9058213773025234,0.8764940043294135,0.6688204246351742,0.6688204246351742,0.7256577247568451,0.7728877653301268,0.6462883523285478,0.8171007998117714
0.8470520333574911,0.8359627013275618,0.8683193703076301,0.8625521568041585,0.20826688684062863,0.9186844395136411,0.5500457395071714,0.6517712147023791,0.7814871367365394,0.8926222473914271,0.8897388917615751,0.7197852212465164,0.7197852212465164,0.7061480621740371,0.7554392133208505,0.6930274466974793,0.847685424206494
0.8893903370838102,0.8570708558035223,0.862048970090102,0.8504183344660377,0.32423593067247375,0.9369456641378575,0.5762009427238218,0.6897634715372843,0.7754322265307273,0.8807024817584413,0.9072812693328053,0.8566964219422667,0.8566964219422667,0.7724329423755539,0.7441986933206697,0.7137681122921156,0.8837076433668755
0.9143205690318391,0.899214613787564,0.9036821579077241,0.8672942987145056,0.3725723877579823,0.9570785385359939,0.6034828490000044,0.7110500260334883,0.7738559012270023,0.8708124889032048,0.9264262182019323,0.9151282498811949,0.9151282498811949,0.8574461647161199,0.7431462475170286,0.7602815901281575,0.9219962782650616
0.9787951032829517,0.9491391332995421,0.9566169744495654,0.9343793370897192,0.45301383564268277,0.9811992143419137,0.6327252119292485,0.7613292033032281,0.787875242733487,0.8660504632540733,0.9522131754781901,0.9674746513881347,0.9674746513881347,0.9429362484152684,0.7521171886846669,0.8336413323197363,0.9640566782956231
1.0,0.9709675210202688,0.9744077331079134,0.9589259813640612,0.3225532634403727,0.9925977145521186,0.6625016293786102,0.7765443334910661,0.8007478420710659,0.8651331529154052,0.9783283792617036,0.9620266820438123,0.9620266820438123,0.9792910203850923,0.7645062774669813,0.8349067481680222,1.0
0.9850993149449562,1.0,1.0,1.0,0.5265507571661647,1.0,0.6898128309452342,0.7479270149819185,0.8015559506986802,0.8645808764272487,1.0,0.8264517300690913,0.8264517300690913,0.9486842920456899,0.7812547693284989,0.8163325636081307,0.9544915765457173
0.7819327799986227,0.8677327701619415,0.7935109145683559,0.8850766392317058,0.7501989133569552,0.9885003079750884,0.7103435515787774,0.45853342565626914,0.7354442615155393,0.8492845952578977,0.9929324248589994,0.07199473999628526,0.07199473999628521,0.6396091226610923,0.7155025143226111,0.5210197607854268,0.898496664600457
0.7613008940585931,0.7745839229473545,0.7541378967368775,0.8044629933422098,0.6540100728224015,0.9763514497470589,0.7308201893926773,0.4368012739985347,0.6733651423735327,0.8230991778034906,0.9838290397209661,0.09281604292046176,0.09281604292046179,0.33960080075426413,0.6461067518235617,0.4345437569031972,0.847011886726526
0.8260620430096944,0.7879115357467963,0.741888476326124,0.7197350078416761,0.4866869523064745,0.9758877632775342,0.7534713595383833,0.5052551362110106,0.6412146781283429,0.7949270413576555,0.984095612271275,0.32860838691394806,0.32860838691394806,0.16777001632772395,0.5828418639609985,0.4645236159683972,0.8906511629542557
0.798982747369146,0.8098839261461926,0.8212177170625422,0.8350069584968413,0.3247527304139375,0.9720854416033434,0.7744730397883339,0.4746175726357282,0.6048494614562522,0.7642185281820416,0.9807813566220744,0.24418148383774044,0.24418148383774038,0.22720032441343194,0.5304158136791162,0.4877428828004588,0.8546047119171922
0.7923204312993747,0.7748721481561116,0.797521033543526,0.7713388671445838,0.20952206932616269,0.9656442854283274,0.7961890506238779,0.4669148168466744,0.5718277271495189,0.7322321518015074,0.9769079997804893,0.22340994234153572,0.2234099423415358,0.27227484933652774,0.4743215605542011,0.42295405208824277,0.8239612341122166
0.7304248827907658,0.7827245812462563,0.7504922531185673,0.8066247613952232,0.26298220722578763,0.9469362396370371,0.8163254263900299,0.39804838632860295,0.5249447768096014,0.6961090450149019,0.9652768112447433,0.030434115194829872,0.03043411519482989,0.1693599068958052,0.4334850269165828,0.342675551615673,0.7908110997339928
0.8072928246851556,0.7691808545031011,0.7718557825750962,0.7476985991389745,0.31581236760415593,0.9343405473774775,0.8388413912058357,0.4854279339925084,0.5100865114413752,0.6638720953746113,0.9648459136678834,0.27009035906948664,0.2700903590694866,0.1783023632244679,0.3955653885387944,0.392975433803548,0.8264383520917257
0.8143849534934309,0.7823642447724555,0.8123223377333683,0.8008368498242633,0.13265663020660398,0.9149917358731544,0.8599264461274566,0.49302897541960566,0.4991927007576283,0.635634834252567,0.9653872318258027,0.2922019560418852,0.29220195604188526,0.20204594810700938,0.35557580438226766,0.43131818348094847,0.8534777378424231
0.768823054228332,0.7635616721151345,0.7865841026885955,0.792329171004089,0.12300106564379408,0.8877853915348787,0.8788955627365694,0.43971588118075705,0.47545918864166925,0.6077124055075263,0.9598948382629221,0.1501506226437417,0.15015062264374177,0.24336613781444053,0.3268536228812269,0.37907271630276484,0.8268910853866759
0.7189626996437541,0.7134931499244865,0.7154211793114177,0.717782436283653,0.24972540752523148,0.8564647753171214,0.8955639572064577,0.3859970012093902,0.4406246689901464,0.5775475867435529,0.9483789963061223,0.06975986844395253,0.0697598684439525,0.1742220067900513,0.3209042499347115,0.2791010822702671,0.7943625402039761
0.7562863392350602,0.7204811272397775,0.7264309829864772,0.693165882499032,0.22120051625430637,0.8534465422656573,0.9114391576187371,0.43208644493153425,0.42409813003072544,0.5497024275558439,0.9428603969726082,0.17747032153101358,0.17747032153101358,0.13462234752454905,0.31246587356352346,0.33996262028788493,0.8255536008792527
0.717171740359001,0.7513146290342598,0.7345243162693746,0.7554392950822969,0.23261033640390558,0.8482531483184353,0.9267825522338982,0.38949109087979106,0.39877499319028425,0.5217365117978713,0.9327317345113304,0.06459142725939625,0.06459142725939632,0.10509156467904218,0.2918040566322268,0.35651009479423246,0.7938275527946419
0.6999068666192255,0.6712051694103576,0.659059448867868,0.6890515428879949,0.3134390431977768,0.8334064205987737,0.9422296047271047,0.37106824367334035,0.3735170091065483,0.49368862978367334,0.9213008740302014,0.15000966550733272,0.15000966550733277,0.13278980704596702,0.2938801484987439,0.26901400720806556,0.7583115816542316
0.6873701516259536,0.6515380310524738,0.675464845150264,0.6611575418794677,0.21488096901996906,0.8202711544408875,0.9569285270214499,0.3573904922266699,0.3500409352822459,0.4659755474514082,0.909312629203339,0.17835370206045273,0.1783537020604527,0.13309470610991483,0.2958079480890812,0.2914180295297606,0.7274168339934228
0.6335697740641024,0.652834824640463,0.652788937394126,0.6850068999728981,0.24865771834959524,0.8015883873065891,0.9679746910696437,0.3013333787987079,0.3156348931892763,0.4360744793030855,0.8914022738236288,0.004359126769009734,0.004359126769009769,0.1123055088988297,0.30370260142533045,0.27647487481270416,0.6949383509728395
0.6561358173274001,0.6578776665366246,0.6608093978568939,0.6468618450811638,0.30253511408797457,0.7928455868996609,0.9779302072714009,0.33600429377526175,0.29636445271787676,0.40782380065962276,0.8781605287391957,0.10687413182010941,0.10687413182010946,0.09741726605689774,0.30857544653820157,0.31743918173094565,0.729943055089797
0.6368650779336197,0.6001728251995454,0.624498818570264,0.6215481115228002,0.23004679151221194,0.7727885870658695,0.9866553694124091,0.315221060604466,0.27640349525575586,0.38073828319006936,0.863649704806462,0.12884021608232346,0.12884021608232346,0.08032767100196674,0.3231668218294569,0.2769721434490684,0.6983372073433456
0.6161615929743328,0.5776240943083434,0.5933649909181553,0.5792189139169192,0.22819708478583833,0.7494604261016734,0.9939203263687909,0.2929566413429335,0.25569173873616713,0.3544161996120794,0.8478025509509788,0.16629915225797562,0.16629915225797567,0.13622132106760879,0.3447236128579165,0.25952263092217276,0.6668180892557841
0.5674475878782314,0.5764714133247327,0.5850529279186568,0.6003486111683047,0.157306205210405,0.7257613056702922,0.9981995327676247,0.2437385588766774,0.22607902730057394,0.3267049312108431,0.8270686290230593,0.0045900001892196975,0.004590000189219647,0.1009179212849864,0.36684951063862753,0.2511839551689113,0.6386229261046044
0.51472174216264,0.5294287061974905,0.5323369523496311,0.5256624830559882,0.32289279677975125,0.7017249563766279,1.0,0.19664056089954587,0.18860569448471873,0.2961161327955616,0.8013866013778881,0.0,0.0,0.056448680710624664,0.3999228283445417,0.20091573507335123,0.6026636842490564
0.4690164262360669,0.47734315717408726,0.48457899869852483,0.5119943757426554,0.37903102093857105,0.6679172419222791,0.9995290403835925,0.16018923494628529,0.14754345303311384,0.26241892801282063,0.7721494932863036,0.0027510429045621144,0.0027510429045620797,0.0,0.44038705703212316,0.18372923175778083,0.5640722148286937
0.4422953443147648,0.41135365485943637,0.43740436137709404,0.4287307657070549,0.4819498486076747,0.635568073815222,0.9974829534590332,0.14017338536495905,0.10993128373351313,0.22701018569128154,0.7421884638618013,0.05327981387455816,0.05327981387455821,0.016805304307396535,0.4864049393788836,0.17858684801753544,0.5206550534811585
0.5554122846427209,0.5161732046630926,0.49733875136261047,0.48054392791212214,0.4811930574295417,0.618563050502254,0.9966762361177026,0.3277763669242646,0.11812906947458299,0.20052513055487733,0.7299328227394709,0.35912639529626667,0.35912639529626667,0.14075789112104178,0.47753081542664355,0.34276343956673566,0.5640367301543967
0.5690952398129899,0.5787767752919545,0.5627416067755925,0.6109483613455527,0.44638884476167556,0.6046437214505548,0.9941501774926689,0.34725660628401894,0.13177737469693782,0.18240368792287928,0.7206409215807001,0.3958935104504252,0.3958935104504252,0.27645113583063186,0.445270220602463,0.4253251880068437,0.6057864954280714
0.5953865089957884,0.5655211638318474,0.5608458008900942,0.5348674480570744,0.24512125362799556,0.6001500767493473,0.9912275184004166,0.38480683039429536,0.15338852534440003,0.17276228589918297,0.715685937924493,0.46654010028164256,0.46654010028164256,0.41908805196498466,0.4158529252157644,0.44394035060796294,0.63809915952471
0.5465290872382127,0.5650889359444207,0.552752467607197,0.5998605214823837,0.23625656993602728,0.5872508733679507,0.9847670231855375,0.3315516065536363,0.1580568648744283,0.16609808109922106,0.7047880064223915,0.42691391905770837,0.42691391905770837,0.44248493683330636,0.39096735154795054,0.4282920419375268,0.6062021456399725
0.6077799166390657,0.5656652764362261,0.5685746588161313,0.5486052520663472,0.2828558162811009,0.5838279502443989,0.9806658338139375,0.4165224062503993,0.18300253476387598,0.16637169361965437,0.7029700460563617,0.6658872377330819,0.6658872377330821,0.5356733556142054,0.3676143883830224,0.47902408948150593,0.6402841203525067
0.6094276778853038,0.6044233225858968,0.6050310949992332,0.6271966297018801,0.29009305804315616,0.5830354611315883,0.9768170309340044,0.418725341889578,0.20535998632387797,0.1716140200892217,0.7015415714931738,0.6717709451228543,0.6717709451228543,0.6065088454172645,0.3296493795477077,0.5359886903623964,0.6747054372431157
0.7409556228185528,0.6987969620491383,0.6226759967611089,0.5993026286933529,0.4699086873491105,0.6034549684846544,0.9760598852126626,0.569240154659126,0.26507401211581716,0.18922486723605134,0.7175184155648113,0.9970923381985902,0.9970923381985902,0.8033061037739573,0.31098401020104594,0.7059907280745116,0.7175580086512275
0.7389497571645477,0.720625349769865,0.7161502412813514,0.7082286685813572,0.38768980288657884,0.6298435193242145,0.9721051654164422,0.566536862078952,0.3126212616091278,0.21399681024938563,0.7317102905513525,0.9281606126230777,0.9281606126230777,0.8938298405300392,0.30001910943177196,0.7778905344570108,0.6785605434078267
0.7474030325190721,0.725451967796604,0.7486694313094122,0.7206414905175781,0.2981927690307414,0.6626057908578996,0.9717941952207211,0.5753585697299444,0.3532863959537936,0.24295130576865287,0.7456604512302774,0.9397381672051827,0.9397381672051827,0.9863188104119933,0.29127583312923633,0.8060338641782452,0.7133616422179392
0.6537717379541484,0.7103233321824112,0.6535909834404028,0.7295676687349029,0.4578061646436707,0.6874936513907247,0.9673775347689881,0.45195210189899965,0.3569401374830728,0.26693585167106737,0.7459884823186215,0.6696428600986328,0.6696428600986328,0.8732995214015492,0.254405511903579,0.6853838864664159,0.6710765378850048
0.7360125577027974,0.7025430103573103,0.6743711965672565,0.6440724875431787,0.43869616470503214,0.7087478175449574,0.9673527438013727,0.5402555339439559,0.38523052048645473,0.2924799794659356,0.757083275807557,0.9068804158744254,0.9068804158744254,0.8659546548881235,0.22016878505118287,0.7440068241531275,0.7124656062396763
0.7032738788194798,0.6837403277742803,0.6758294317633373,0.7147837758435083,0.35340511713559314,0.7245387963705766,0.9698021876773898,0.5004463316880295,0.39740921015477804,0.3156516791605534,0.7628229198163232,0.8124401588178386,0.8124401588178386,0.8220177077784038,0.1883775386882436,0.7062719647738386,0.6750756926464566
0.7001934813192149,0.6651537591349637,0.662778076562521,0.6445606836362692,0.34217665415120413,0.7368731343321987,0.9700906225053233,0.49663660141024857,0.40587763658941167,0.3360917871762176,0.7676114829676289,0.8035542311724894,0.8035542311724894,0.8682372590722405,0.16379765802711693,0.6770923573444263,0.6382122629280099
0.6787735689214346,0.6918808761474733,0.6875684086645449,0.687447667624012,0.3630040928085066,0.7524364894647824,0.9683464936924181,0.4692994040148776,0.40574547291317925,0.3524141780831054,0.7691316142915492,0.688712271747481,0.688712271747481,0.792936456404818,0.1351307503553338,0.6905101187260572,0.6003722693983685
0.8584425081737659,0.8239319920418183,0.7892088592878134,0.7784517607885963,0.7468553962960867,0.7819360260870594,0.9719699566481278,0.6420395656010162,0.4602483674916713,0.3777182015380451,0.7940970306537569,0.9763463273917738,0.9763463273917738,0.8495087213665515,0.1505606819164187,0.8809643447661029,0.656210409413221
0.8147432765241573,0.849434536657091,0.8328838211436205,0.823709922138682,0.48321934876414635,0.8060988458524221,0.9732566525667606,0.5875657461113118,0.48876388267960635,0.4043684957279686,0.810947194066028,0.7845838880043157,0.7845838880043157,0.8429611015334343,0.17120315924126897,0.8415050423605891,0.6127337233237568
0.8421089682417358,0.8248685590817159,0.843820751998551,0.8188981899395639,0.31736481221010976,0.8180032022205078,0.9713367520112058,0.610363509606578,0.5182828215496142,0.43232126310986735,0.829785623400139,0.8613394283870142,0.8613394283870142,0.9025434182331085,0.1903711739000585,0.8113859886973821,0.648433767216061
0.8760657049442675,0.837331496254886,0.860736591790493,0.8276150652547286,0.29033918562451294,0.8341398618563202,0.9698855623490601,0.638140532151979,0.5502630938585953,0.461869039523247,0.8512883468783179,0.9544486578995944,0.9544486578995944,0.8949854308105836,0.21148775383491913,0.8141426941701325,0.6828666246178604
0.8642454173894888,0.8536849241177336,0.8649654404822645,0.8710598356243329,0.46564883934823237,0.8478906022057912,0.9694010828873454,0.6217446920708877,0.5698362595990878,0.48990510331601983,0.8691912192446035,0.8976637994956008,0.8976637994956008,0.934014997363161,0.23549626445359478,0.8013348203981692,0.6402137903674134
0.798982747369146,0.7993660144664432,0.8121765920931099,0.8264992796766669,0.24829636760688312,0.8649799391665581,0.9673392239560654,0.5355774930587858,0.5631551959695471,0.510832803895194,0.8768202391217527,0.66840487085833,0.66840487085833,0.8674235749429358,0.23191095634286218,0.7037623674797094,0.6077522504796026
0.8077226374236596,0.7735033532287874,0.7935109145683559,0.7790097599847965,0.2630278874140173,0.8734192284516492,0.966638420092608,0.5444153754833094,0.558566146852818,0.5265438630920618,0.8848702102679468,0.663232014812399,0.6632320148123991,0.7669100601842528,0.2201635038907317,0.6700515569886452,0.6409045267255542
0.7797120079753656,0.8173041313489104,0.8026977851780467,0.7977684926881782,0.39127740214724155,0.8824149440730619,0.9650159698874672,0.5076943256609221,0.5444522539234201,0.5359414973062282,0.8884757954770072,0.556531395793888,0.556531395793888,0.6491681051550185,0.22344448530883548,0.6690710999389075,0.6017388449450802
0.7303531744600286,0.7231466058293823,0.7425447767321425,0.7336820083459399,0.3709354007141109,0.8859643248038553,0.9613451840347682,0.4466399205997727,0.5165212903970886,0.537183870613006,0.8852573065214965,0.36850927012763157,0.3685092701276317,0.5456590454716279,0.2006892701115186,0.5450729154329284,0.5635269656351709
0.6528405134578829,0.7010302127513163,0.6716004718153519,0.7305438481067451,0.42543186527208005,0.8829123611474886,0.9539044622125653,0.3632059733086645,0.4694907976785037,0.5276106126707725,0.8721681316821126,0.04040670860744798,0.040406708607447904,0.3306906977025468,0.17900378482083149,0.42371023857939266,0.5227598381259488
0.6679562141936586,0.6240184596044454,0.6266132429161497,0.6327754511850194,0.2693862968980425,0.8604947464132608,0.9461550223560544,0.38291353006314577,0.4363022329218031,0.5124949557859155,0.8623101966964859,0.2102413645506301,0.21024136455063014,0.2111685859263588,0.1724741368368433,0.34225160262784526,0.5562102495723458
0.6473959272728863,0.6416684612038646,0.6510390996613137,0.6299859872398649,0.25136648533222794,0.8408002669632011,0.9357307952608884,0.36098126533390973,0.4034484623253722,0.49302060375827045,0.8506916010334825,0.1390465160781347,0.13904651607813473,0.13196944513818498,0.15948924952485022,0.34751065278445475,0.523604756992319
0.6214628718093346,0.6112671872968092,0.5994167726752958,0.6389120590500204,0.48729170345512673,0.8148332586337227,0.9238238344901363,0.3335325996461758,0.369591638820953,0.4698339223206516,0.8367745962754485,0.1294381760029815,0.12943817600298146,0.16269868374618826,0.16259641433306574,0.2938554010701567,0.47993712499332664
0.6635862691664016,0.6272602786858558,0.6290922538751098,0.6093444860815697,0.3540807748450794,0.7898273538481962,0.9137105775906915,0.3942703023989844,0.35610547058977743,0.44825440582365955,0.829713711890355,0.26304666300682644,0.2630466630068265,0.1809244488997422,0.15885474180072726,0.36942288668278034,0.5173587190480133
0.6910953775454545,0.6792738263699242,0.6852352546020575,0.6789399888038377,0.4310368925472432,0.7694499775901168,0.9108532690019759,0.4319074121269089,0.3542726548833678,0.4305789821293775,0.8269371663051392,0.35030102946246605,0.35030102946246605,0.25383900977027796,0.13513063021374705,0.46029093639236507,0.5583886569242588
0.700981507776965,0.675743782079757,0.6580386731049896,0.6427475054701264,0.4001120869096262,0.7579165806892156,0.9089559106910379,0.44550028467322095,0.35621234858270273,0.41687446780321114,0.8257230765457383,0.38165820826166136,0.38165820826166136,0.3408928321964832,0.1219640109533423,0.44709488710193335,0.5979685823169318
0.6646608010126616,0.6450543928896532,0.6713817420987506,0.6692468277096614,0.2513098964423315,0.7410801718073893,0.9038790024733548,0.39805489269554956,0.3469833751389673,0.40383722279336287,0.8198558010561123,0.26645490125976873,0.26645490125976873,0.3420691866874443,0.10973786449725222,0.4214719111154764,0.5653657430954336
0.769467773336088,0.7303506970883867,0.694349363647833,0.6659692740785857,0.4404142852175502,0.739874566403494,0.9029506030858464,0.5322683401985968,0.37218107391891336,0.3990690308483958,0.828308193681166,0.5988853764393203,0.5988853764393203,0.4278681512100672,0.09735626275722561,0.54370447419869,0.606835371251212
0.7615158004278452,0.7428859653780185,0.7574189537421139,0.7486749913251555,0.3684004911642925,0.7435419785225326,0.9019816372855878,0.5212518547981098,0.3896502839958099,0.39917958774044165,0.8349115233919303,0.6479364396755729,0.6479364396755729,0.5197741654385343,0.08988585939838385,0.5777661327563028,0.5687423496161101
0.7649545209588365,0.7288378994823929,0.7165877007145544,0.7066944900133145,0.36013578606399727,0.7567362539423126,0.9030677739323698,0.5254457083856958,0.40434174735159595,0.4025690191636103,0.8413374595255879,0.660243262853938,0.6602432628539382,0.6556903406793906,0.06738956294916781,0.5413937730671976,0.6064478530333482
0.7587937259583064,0.7267486514588846,0.726795569599551,0.7159692581175101,0.24716868057207958,0.7674265786875064,0.9015422251210347,0.5158200977573467,0.41375973683076206,0.40739666736240343,0.846342505552312,0.6381944182251421,0.6381944182251421,0.6692578686537648,0.046500144817752914,0.5510759286037122,0.5740391885070575
0.7870907514836301,0.7813557863189321,0.7676267113708969,0.732984615757859,0.39224145865704335,0.7838667365806994,0.9006836805598893,0.5533603906812623,0.42945521605754355,0.41478536149231543,0.8545862055994209,0.8475944446628765,0.8475944446628767,0.7381698910513713,0.04631206024792821,0.644877357161714,0.6132500732870413
0.7825774991063786,0.7789064216730407,0.7913233948899131,0.7919107780141081,0.26304356867266326,0.8028277104509298,0.9011163293633745,0.5454582337989219,0.4398764609208282,0.42303783864607075,0.8614522131826294,0.8290962148101436,0.8290962148101436,0.7964495398330362,0.0461374102902338,0.6666193988312161,0.5800970617730636
0.7530625250733207,0.7559253529687031,0.7601896784940181,0.7690377056996894,0.3162357615875979,0.8133578341195231,0.9021889461648493,0.49394745577162047,0.43841623595099743,0.4293117262961139,0.8637890767735811,0.7081247449865458,0.7081247449865458,0.8205860138219466,0.03250047366810367,0.6211378572999426,0.5444499571786295
0.6975427872459737,0.7140696003420008,0.7134525006057901,0.7410040984849428,0.25191328400327534,0.8141166054918878,0.9003411560354848,0.4077741211305036,0.4197272071185873,0.43013164812941274,0.8586137862885052,0.4805689191988479,0.4805689191988479,0.6939070397789135,0.019654447118973746,0.5229533377574395,0.5118188261222189
0.7176015530975047,0.6838123291136153,0.7007656207618334,0.6792886850978781,0.16221239378503993,0.8160725560491504,0.9003546758807921,0.4404595420217628,0.4108192127922538,0.42878607199313096,0.8565650438418161,0.5627827265086315,0.5627827265086315,0.6019888566247469,0.012416375094062536,0.514427207834863,0.5402440322610035
0.7242639784787557,0.6966356027605863,0.6905578631330507,0.6796373813919183,0.19388649086839402,0.8230870295918515,0.9011208336862006,0.45147252667346804,0.405587402034645,0.4265340894104661,0.8555861786632396,0.5345003460655435,0.5345003460655435,0.542062341442068,0.0,0.534516520188908,0.5701543839077322
0.6370799843028715,0.6782652579906921,0.6541014269499488,0.6977684182031596,0.4092303979153471,0.807506809156817,0.8995389464553953,0.3280171270266402,0.3746536785700771,0.4177820871187319,0.8432535094743625,0.017457002804814943,0.017457002804814978,0.38221911974317624,0.002459247940605137,0.4035569906736748,0.5301469161420422
0.475392236917329,0.5052229551702075,0.4696318376122102,0.5112272864586342,0.7202981620883073,0.7738340042576204,0.8945634405159301,0.17819511783914999,0.30119725689539206,0.3942757568562814,0.8108662039852982,0.05932989975234319,0.059329899752343235,0.20845222031044988,0.05287748646538324,0.005815802720663788,0.4755540004814407
0.41722191432822103,0.42057488287690553,0.423259246337056,0.4488841771794292,0.4950423359893749,0.7329106630392332,0.8870483561061238,0.1392677903806428,0.22685574744398274,0.3587670961937731,0.7739257933301614,0.021987730713903007,0.02198773071390307,0.03155833203177067,0.10796998569011342,0.018120901713744524,0.43152295426856657
0.4178666334359768,0.4070311561337499,0.36558513759389766,0.39999997871856613,0.5833305493417621,0.6927882371526531,0.8801597164105854,0.14038812634448142,0.17061822026043447,0.3177243069381086,0.7405881669472871,0.140261686977942,0.14026168697794195,0.07394440689417177,0.1683855810957654,0.09623005177106622,0.4796936873403789
0.44967408782302887,0.44355595158124284,0.4501641140411797,0.44532773035742274,0.3620727624037051,0.6530789404216145,0.8749228187722159,0.1965730035549158,0.13871641133199847,0.27772214275444534,0.7146017877535362,0.20769248874727886,0.20769248874727878,0.12515180053930017,0.20832890589808725,0.24762496812411688,0.5174900123429124
0.42030231182848593,0.4295079956113258,0.4362377287177432,0.44100419425139525,0.2859436606466542,0.6104441376414511,0.8702943348031524,0.17364977437552045,0.10757282573918894,0.23872284181730224,0.6872338648342406,0.14542524847709778,0.1454252484770978,0.16775629811175227,0.24796141731024482,0.27115215830113854,0.48326325376561124
0.3725911302479077,0.39132628995346075,0.38286556399891325,0.4092050501268214,0.34081102106129396,0.565667891705976,0.8658235880933624,0.13879600224970048,0.07178105335348571,0.19948144272340054,0.6562080580354132,0.04427904582309236,0.04427904582309233,0.13462785972299335,0.2940720979897551,0.27508775840297084,0.44646385630177443
0.38362350065641543,0.37410851624146835,0.38935480518925664,0.40418412143271276,0.20287457924796776,0.528723912811918,0.8631375366092277,0.1595536659094782,0.050683834530158914,0.1633480453439412,0.6295856112145269,0.06766732370944882,0.06766732370944882,0.0862981305446963,0.3368891586207289,0.3183457507477269,0.4767956444000868
0.3124149420047946,0.3630862654092485,0.308421472360285,0.3949790500244577,0.4862758306124077,0.4810390261297694,0.8590521226827624,0.10950493787669709,0.016240103394765223,0.12670225690694956,0.5961491389457011,0.03162983845752543,0.03162983845752543,0.04702160945298129,0.3894831701436092,0.3081921939560788,0.43317564498190764
0.3373450646413438,0.30487719484540765,0.3040467667720411,0.3032077611686827,0.36096280200911013,0.43550399595747313,0.8521927748392517,0.1563565114342103,0.0010735530966628861,0.09397789422365968,0.5691703521786573,0.09066113437959022,0.09066113437959032,0.06303040171581294,0.4389596191011054,0.3306057170312655,0.4709199257954721
0.3718748121208939,0.3278582635497454,0.33160782362596886,0.35843787039670616,0.38546238236499286,0.4042929977734197,0.8459891670004507,0.2189645282004314,0.004112831204110593,0.0684812914085939,0.5492946387550873,0.17335697339294875,0.17335697339294875,0.09950921711140735,0.47299144894643,0.37405054129978693,0.5098129510110095
0.4639300537703171,0.42302424752279666,0.4307692632902779,0.42071128297997107,0.414956102702699,0.40294405659537524,0.8418541780155833,0.3619280669680425,0.03893796248830918,0.05590877547714531,0.5433984616737032,0.38561995342482336,0.38561995342482336,0.22168901517514603,0.46205078647544806,0.45951793183776823,0.5500888875107054
0.47431770507106885,0.47467756865877336,0.481443687333547,0.477754463966968,0.3692309160786763,0.40966344523523673,0.8395827546052145,0.37639731863231235,0.07334489087927504,0.05358156415444146,0.5394276965777781,0.4087999302801022,0.4087999302801022,0.3314947193343042,0.4328764165473206,0.49814672235894536,0.5882208463830088
0.46937463995531326,0.47431745203639025,0.45665335523152306,0.4974894824493609,0.3559686620272868,0.4157252285885272,0.8352291890571913,0.3706828303808362,0.1023531623918052,0.05823758663302338,0.5351860881297581,0.41473217717464406,0.41473217717464406,0.41480544584531354,0.4122891331545905,0.4977678320310233,0.5507107324516297
0.4902213229531152,0.451264272067009,0.46190309094238685,0.46959548144083374,0.35299808620465134,0.42049708002566716,0.8314795294172338,0.4023615035633838,0.13467211675474722,0.06922406469557489,0.5340855570715618,0.771045766248662,0.7710457662486618,0.5478352847822547,0.393172370004198,0.5087490028663235,0.5880815610443492
0.489719911195354,0.458684477269727,0.4759023490859523,0.4917014644712316,0.28266900476505724,0.42866657592936674,0.8235768600626899,0.4016899185146149,0.16270120893418102,0.08431102947679874,0.5330240044493038,0.8707411581844424,0.8707411581844424,0.7072744429855333,0.3723860571137916,0.529388697272842,0.5540083456117766
0.4028225317194584,0.4345508375074873,0.3959897920198588,0.46799160617685104,0.5248810440172931,0.43222439574361443,0.8130039112307312,0.2967883653006164,0.16068200550199047,0.09592691184166592,0.5206541545681013,0.49186433742179503,0.49186433742179503,0.7338966320375847,0.37466461204975265,0.4569251835357879,0.5085782122181726
0.4362776380412697,0.3955046760747684,0.3887714888595815,0.40020917521355653,0.44908943021805814,0.43842106292314414,0.8032173999721419,0.35123726222080076,0.17187503347018968,0.10773454948087757,0.5138549531486779,0.6377302357714707,0.6377302357714707,0.687882735310643,0.37855225880531107,0.46122572881392665,0.5504546034331902
0.5011820943423657,0.46768959134348254,0.4319358959496287,0.43905162269337167,0.5135434940162362,0.4606363583502413,0.7984176623369124,0.4454267859128261,0.20289024619525142,0.12414938542351314,0.5162250792275171,0.9207168368059552,0.9207168368059552,0.705131856299908,0.35245229335289907,0.5934481558053092,0.5953531380440145
0.5993266412845408,0.5594697535564539,0.5712723994916926,0.5745466815168512,0.577113952979405,0.4914679837125689,0.7941181796085316,0.5593769558653585,0.2592270186054678,0.1499394140498577,0.5312556000460876,0.98708917211112,0.9870891721111201,0.8760588617166548,0.3171386901420788,0.8718090700787077,0.6432323852957903
0.6382262244798689,0.6211367571454184,0.6130514442057875,0.6042537542843517,0.5810847203861135,0.5228138785873179,0.7920720926839723,0.597665068256673,0.31667916357992953,0.18348020692437508,0.5499620557144362,0.9298072340276055,0.9298072340276055,0.9768693283289617,0.300917449032587,1.0,0.6912978151990131
0.5719607309440032,0.5792090031793813,0.5730223484807185,0.6056485394605137,0.48878892275889246,0.5355276022351221,0.7880385059773223,0.5095446984033907,0.34225428434856314,0.2160592472318419,0.5581864590590053,0.75249125784946,0.75249125784946,0.9188062175328909,0.27287081856823553,0.8435826056425869,0.6475599810876277
0.577047103409753,0.5540666851122006,0.5407947609893882,0.5534169842654655,0.5277602594634692,0.5476174383368005,0.7848386797410312,0.5151262943849766,0.36433951778662443,0.24708475196369778,0.5662954132293961,0.7661015858021512,0.7661015858021512,0.842532283521154,0.23684573209363885,0.7718358938582888,0.6931251160844356
0.586360113552765,0.551977547014401,0.5734598079139213,0.5676428779606598,0.34904368185044304,0.5613850182598095,0.7762802738201914,0.5258565330637887,0.38472878661558835,0.2764863664482217,0.5748548598020339,0.7745569475931894,0.7745569475931893,0.7889475989667649,0.20339386608151316,0.7691173252688169,0.7303105292619092
0.6264775359443473,0.5989481428765997,0.5903755364496498,0.5746163782127915,0.38973245727368366,0.5774204989453718,0.7703583374482557,0.5713037403999783,0.41295839551084385,0.30635049393572006,0.5878664330950603,0.8684961745616067,0.8684961745616067,0.8289867319792793,0.18666843723084361,0.7990782281222446,0.7694037711577371
0.576402384301997,0.6017577340705833,0.576230421409612,0.6234308799777141,0.3601603306427475,0.5876218328351357,0.7620004839224388,0.49965886662155784,0.4194824269335474,0.3317076632309799,0.5930640731473872,0.6965366337019624,0.6965366337019624,0.804976367168104,0.16613487262193866,0.7372642292114844,0.7316971168861974
0.5852854723950255,0.563864253621475,0.5830113763929,0.565620609706696,0.0,0.6090952093278629,0.7528539337850104,0.5105619748891307,0.4269202502704169,0.35366458345239327,0.5989330259781257,0.7270414190055192,0.7270414190055192,0.7885763677266799,0.14706799119938405,0.7039734874118553,0.7525164548188987
0.5897987247722769,0.5608385484837782,0.581334411480217,0.5875173962421031,0.3198063160019063,0.6271625279994895,0.7442211583997385,0.5163768210374732,0.43365558100181567,0.372743463215657,0.6048356090939214,0.7425400601702816,0.7425400601702816,0.7451025757462261,0.12869527315910156,0.6865513237009732,0.7883309767460298
0.6660219475589106,0.6232980065082615,0.5952606855474397,0.586052914370001,0.5687844774629632,0.6465619096822529,0.7400388499562961,0.606528678922979,0.4616495061674229,0.3942964477744488,0.6201839502300164,0.9969625455717489,0.9969625455717489,0.8487946724838878,0.13231897598819164,0.7492079531426891,0.8358196688033129
0.6475392346228809,0.664721531247537,0.659059448867868,0.6734309704238081,0.4791381307530618,0.6522358682659073,0.7350002491131213,0.5765187069093758,0.47707594831352096,0.415004961764739,0.6316438129659893,0.8192181480853867,0.8192181480853867,0.8806094991385659,0.14754158739988418,0.7796354392783944,0.7925343442096524
0.6184540733283269,0.6104747328612904,0.6164054852873668,0.6450487733221903,0.45835637228398896,0.6499089582414596,0.7299278486566786,0.5302186582042525,0.47924442639263987,0.43205900254131896,0.6381934549779253,0.7321792686629979,0.7321792686629979,0.877033468733713,0.14342283919701115,0.696326176921745,0.7502234415594587
0.6094992769045613,0.5742381626225548,0.5798760650279222,0.561366770296609,0.3821338647689162,0.654326728378322,0.7261263652353201,0.5159980921799021,0.47714464486759683,0.4452304408246463,0.6429435803280893,0.6624393978588902,0.6624393978588902,0.7615727004606241,0.12524781222455955,0.6352902052008279,0.7114864849744782
0.5862168062027706,0.5683307550258309,0.5900109498365758,0.5795676102109597,0.26572642748883735,0.655405876174975,0.7240307032523582,0.4788204433016835,0.4673519375572487,0.45356729403608176,0.6441843855843967,0.3428903998977137,0.3428903998977137,0.5971680303158048,0.10837100146442592,0.6149494157356702,0.6782076786917088
0.6087112504468106,0.62084864186237,0.5930004043050815,0.5664573956866576,0.4966588692176211,0.6580362973212598,0.7221671411162739,0.5118106280649152,0.4656146277978079,0.4598464250862884,0.6482604803123829,0.46375576003617536,0.46375576003617536,0.5045215729913817,0.11031060893499747,0.6663669747162908,0.7223145214476084
0.6133677008625769,0.62020030003123,0.6328837543898921,0.6295675942498843,0.41801462993252286,0.6564934501906253,0.7210967764762117,0.5187346495261203,0.46476420611925623,0.46467865093656174,0.652559755242215,0.4887754293537486,0.4887754293537486,0.4445814003544541,0.1121116730148139,0.6962755976710369,0.7627338671805445
0.6367934789143621,0.6022620732230537,0.616915817540699,0.6200139329547579,0.2864700055020764,0.6636006507356668,0.7215790037765137,0.5538195970876046,0.4703466915912662,0.4697987454612903,0.6595253184985498,0.6146449582932274,0.6146449582932274,0.5383775705405388,0.10640072935632418,0.6845429224729633,0.7969853051889783
0.6453900616188813,0.6108349594093821,0.6336129276160395,0.6110878611446026,0.25809238170365284,0.6706741335402623,0.7210066384434739,0.5666504573265266,0.4763797458785299,0.47525037203685017,0.6669562034904097,0.5901272616666969,0.5901272616666969,0.5819947335555425,0.10427810263417679,0.718994666130905,0.8299061638157981
0.616018394935818,0.5976514592143192,0.6203427314424079,0.6283124152799421,0.22355134146349778,0.6737598278015313,0.7186450770003673,0.5080785548086676,0.471109225117821,0.47842745397580044,0.669822962519929,0.3890224248209427,0.38902242482094274,0.547564953076516,0.0957029418425625,0.6304896557181736,0.7986048768729754
0.5964610408420484,0.5655932750968915,0.5942399097845612,0.5990934321983625,0.20592287956997898,0.6655734665953804,0.715357364892751,0.47102617852283557,0.4600379980818113,0.47848155490783073,0.6698488676954806,0.2600176425152663,0.2600176425152664,0.4251652249551822,0.07508629027114604,0.46120333170689376,0.7681301590640486
0.6127945807740783,0.5750306170580737,0.5528983245036694,0.5686889668427811,0.5533513917798842,0.6614844991018036,0.7137259026035432,0.5002575298421278,0.4555020534224859,0.47750566628657537,0.672016856570555,0.4506631691618946,0.4506631691618946,0.3770291501358233,0.06249974285177432,0.4290120609118728,0.8148952195110724
0.6970413754882124,0.6728621895464388,0.6446956041112286,0.6177126651026941,0.6525039901985316,0.6707331428021565,0.7114477158321069,0.6261209382791076,0.47686502236176603,0.4815249441821485,0.6850397530114015,0.8926196194176258,0.8926196194176258,0.5508458781734754,0.06471377955789666,0.9275950273816221,0.8663093796863347
0.7145927546164971,0.67466321236119,0.6994532424622246,0.6873779709280716,0.4813164621171472,0.6831011985042238,0.709971742079174,0.6480419400459263,0.49792040587670994,0.48947124473853737,0.6991268235451215,0.9792886140394121,0.9792886140394121,0.7991024772653674,0.06737654573159471,0.9749887771644198,0.9096968425992555
0.7044201189964769,0.7078739675365198,0.721764563605289,0.7052998112443223,0.34970093112586664,0.6970121013369257,0.708067620407168,0.6257601995746754,0.5100335436788221,0.49854995396753066,0.7105366279963784,0.7837899464160555,0.7837899464160555,0.9140812878411868,0.08096135752806151,0.9630100080424338,0.8724806121010412
0.741242237518542,0.7049923750032016,0.733795143043227,0.7032077398872486,0.2837094221865265,0.712609174209955,0.707515534842089,0.6731885058165075,0.5293453098938486,0.510152030847185,0.7256944317768109,0.9535883290401624,0.9535883290401624,0.9351246568928238,0.09357582562478065,0.9362163528173865,0.9066026109687284
0.6690307460399184,0.7157985118917082,0.6899745468033753,0.723640150957723,0.4088840466374268,0.7191599484186751,0.7038019338536411,0.528405377945727,0.520800115295486,0.5175136952559767,0.729927456179565,0.5988459065487598,0.5988459065487598,0.8038147383084474,0.08363988615021185,0.7664937396852136,0.8666113830359601
0.7217565917555095,0.6794899403136379,0.7012760642713797,0.6921895967200205,0.3031869090125648,0.7291589372723956,0.7018888000975685,0.5981697291951524,0.5286576673829068,0.5251685193071959,0.7406801003495869,0.8335284589147856,0.8335284589147856,0.8209820013368146,0.07441365663811227,0.7619977464521311,0.9016466487282581
0.707715422865994,0.7041279192283479,0.721837436425418,0.726080918608837,0.19175179431097572,0.7364937743749288,0.7004623979646238,0.572312671466915,0.528899673244083,0.5313467542028233,0.7485651146031909,0.7710312659637477,0.7710312659637477,0.7579723743480891,0.07585163436942034,0.761415608959757,0.8718363894375871
0.7368721831798054,0.7023268964135968,0.733066081073293,0.7102510432424906,0.14840743182572805,0.7507166016840087,0.7016995119480258,0.610081789595626,0.5363562447879349,0.5379647393893989,0.7595273811067539,0.9008079027592828,0.9008079027592828,0.8621946510727749,0.07718689940563492,0.769534374536781,0.8996143039681137
0.7714736389900931,0.7410128312982237,0.7666788084281477,0.7371687584720058,0.2820526631208841,0.7713131754161264,0.7033940691409427,0.6518298101099155,0.5510419885864348,0.5465588283360449,0.773988702424306,0.9492513362746337,0.9492513362746337,0.9021364381152951,0.09376570548740676,0.8264493720945063,0.9336586201704479
0.7123002742625028,0.7539082162102386,0.7316078458772118,0.7741980277856785,0.33063388420004103,0.7830236258316225,0.7030177484416847,0.5419655406294019,0.5426043714678791,0.5515382736968517,0.779303447797994,0.6773419331079399,0.6773419331079399,0.8697995357978208,0.08959346905559391,0.7306179149870475,0.8973364116554687
0.6786302615714398,0.6822995315076212,0.6931097469121394,0.7145048826525773,0.2419693206401499,0.7808568911548628,0.7043247206898641,0.48701533132854463,0.5239298870928933,0.5513259096542985,0.7796912427835199,0.5489441297163798,0.5489441297163798,0.7483536453093291,0.06667886616160072,0.6048308570467897,0.8651715364320511
0.678200448832936,0.6539153943590303,0.6710901395620197,0.6794978815928685,0.2695062926163771,0.776574017708696,0.7107040933944861,0.48631332955352075,0.5075927207924659,0.5474852638838704,0.7799856716305121,0.547305074453765,0.547305074453765,0.6096217682729176,0.04926823224390586,0.5524957419329829,0.8317154985868468
0.6067769838120629,0.6137885532820354,0.6121036525192524,0.6439329877441284,0.3815141141554722,0.7650827647672381,0.7166665858639291,0.3791904063742566,0.4716058476777526,0.5363269522583466,0.7708743464198103,0.27493760897525693,0.274937608975257,0.47073179088739525,0.05660155990655331,0.38670133731009637,0.7930076010729799
0.6030517578925622,0.5923203921094007,0.6223842829681643,0.6039748610934209,0.25570064886321103,0.7488196475241838,0.7224916208420588,0.37409668932528584,0.4412953760330981,0.5205899235295999,0.7621416540960853,0.05130003887392336,0.05130003887392339,0.2989697784584292,0.06341107845044018,0.37301935601166625,0.7601988868042087
0.5998997613730398,0.5737338234700842,0.6017499267377834,0.5873081997471129,0.18581746060424661,0.7406838822253863,0.7272169993280996,0.36952710525952653,0.4159525943981214,0.5023060982020512,0.7538267978978261,0.08135856545793403,0.08135856545793414,0.13814819624313543,0.07751095866249103,0.34512643546078997,0.7306668785091066
0.621104658090088,0.581874481768986,0.6046665083861597,0.5822872710530043,0.1366410334903959,0.7288385351191942,0.733533277129012,0.4096939807003126,0.4022243582070378,0.484594476985664,0.7490879799663007,0.18014369445471262,0.18014369445471268,0.10543004722120201,0.08579891264766133,0.38016301406121306,0.7578930862747517
0.5817752621562564,0.5653771611531778,0.5808968407908003,0.5960250750622776,0.21531390811736945,0.7140171117854373,0.7401132056670708,0.3494251791124461,0.3792773419507379,0.46526927583245664,0.7396366317225093,0.08394909089878778,0.08394909089878773,0.11669887766224113,0.10279914754206682,0.3301916499362589,0.7269780388227911
0.5744681176672493,0.5404509570297106,0.575428375363335,0.5750348776099415,0.18069787055325526,0.6949043887865163,0.7461162611108493,0.3386743809012911,0.3591422648575724,0.4452850178773304,0.730126003018878,0.07392625260714647,0.07392625260714644,0.11413361257471273,0.12070637331457129,0.316937004575285,0.6976860795540824
0.5263271233481669,0.5075282072117201,0.532263968273288,0.5434449299803583,0.2778200868741729,0.6660540183673563,0.7528449113857006,0.27229477265111823,0.3289773261298458,0.42251993148975464,0.7152003624657389,0.041863428376143146,0.04186342837614308,0.06640613581384196,0.15297478898809186,0.24595382084576517,0.6638402217824112
0.4666523468628152,0.4672573634560557,0.4723295782877715,0.4702928740289149,0.39383003833726843,0.6371446386863022,0.7569122977056183,0.20411109941801292,0.2877779069608191,0.3950508742319272,0.6938610701963412,0.031508184914596886,0.031508184914596817,0.04830614083511251,0.20044344496748212,0.180219903575277,0.6245548511545785
0.4739594913518221,0.4539298605823229,0.4360918718212709,0.4355648725673058,0.34246368936381133,0.6130577063497412,0.7601233916258037,0.2204558698241366,0.2588454939013662,0.36657488132341004,0.6755135003404206,0.14220422721901105,0.14220422721901096,0.07187230496669948,0.2533366407857156,0.22203229936997057,0.6614317394747181
0.4427251570532686,0.3975938141725677,0.4348523663417913,0.4338911942002136,0.2593489277768952,0.585345505853585,0.7594563873756143,0.18651905708147062,0.22809091668503023,0.33688392266604594,0.6548123320982956,0.06215441906079422,0.06215441906079418,0.07887574670007358,0.3027464773246443,0.2269462777570214,0.6284519635012952
0.41643388787047025,0.4104170878195389,0.4110099371825167,0.44797769450352704,0.2963771519970765,0.5629447435573514,0.7576356403752782,0.15976666662979455,0.19776781085286402,0.3063179375697668,0.6326307291536927,0.0510990211049313,0.05109902110493126,0.08563752989239794,0.35432500208293294,0.24850059909616978,0.5937359959413205
0.41865465989372735,0.3797276986294353,0.402406160390073,0.399930282022626,0.2520632786511936,0.5412437433715886,0.7560402332991657,0.16538039708176916,0.17683013151508994,0.27716071789198854,0.6128532413520434,0.09299185935462222,0.09299185935462227,0.0686518658478952,0.4042427092195936,0.26962242891341864,0.6263741599962406
0.3943692563649342,0.41293856373047405,0.3930004488075668,0.4157600509818032,0.3601732847259768,0.5170556320847778,0.7530251874511766,0.13995681940357177,0.15539468202615145,0.24901866789485283,0.5917707141699544,0.05166760311342826,0.051667603113428294,0.06503233806842847,0.42557226110508944,0.3056016551988258,0.5886668983293751
0.3968049347574433,0.3974497015681894,0.4037915227660253,0.4090655503277713,0.2828128632682879,0.4906586421617637,0.7501025283589243,0.14674224233440367,0.14196873984844496,0.2234883885823583,0.5730158448900596,0.06839165661989506,0.068391656619895,0.07100089658425958,0.4453782735701929,0.3334200523864548,0.6227468590468817
0.3874203255951737,0.3764137682829811,0.396646092425877,0.4131101932428681,0.3971087849819904,0.4677857414480952,0.7496180488972093,0.13622796160609826,0.13136352729368958,0.20068130807019996,0.5548149791219885,0.03812298094298948,0.03812298094298948,0.05206288616852683,0.4661436357173136,0.3441054346435346,0.5833077534652703
0.2068916515543546,0.23427707852202245,0.20189576138301266,0.25843790231885694,0.9064558378257866,0.42452705112180616,0.74240266699923,0.0,0.07085632669183682,0.16884044134638368,0.5146445887734147,0.03729434071671904,0.037294340716719,0.047101950190669636,0.5266626464307875,0.18760550743380877,0.5199862153229218
0.2113331956008688,0.18946762209695822,0.21677004964919783,0.22914922254133732,0.28783972935511165,0.38745660175604973,0.7332854121522436,0.010887324543553631,0.02839419985451333,0.13382704538486362,0.47888311294497427,0.047516607654271396,0.04751660765427137,0.03989692056031916,0.5828588706647275,0.22089121555531158,0.5543018773950157
0.2663514123589745,0.22332682902913703,0.2282173127574608,0.23005581162440866,0.40831202159377494,0.3638839389319103,0.7228116099986751,0.13876337703656086,0.015989747259822825,0.103029205084185,0.453751239198027,0.18110967793078264,0.18110967793078264,0.08924882341044102,0.6134174943478781,0.28310789733922004,0.5942662840289236
0.27107957110547815,0.2584828295493059,0.2788188639806007,0.2976987427886531,0.30583295096061347,0.3400077649859338,0.7112629388822188,0.1491749408149592,0.011927692989375871,0.07747824065051086,0.4316336720515871,0.20474024382114822,0.2047402438211483,0.14704282884415068,0.6211391357421855,0.3363558643265897,0.629425618208561
0.24027504954542822,0.24126505583731347,0.24411237678652425,0.239609472919535,0.2597375502737743,0.31618217408285426,0.7008296997029863,0.1228807346113836,0.003603495652250215,0.05516712729672941,0.40757798716271404,0.13830991717081345,0.13830991717081345,0.178380167807117,0.6361992568105403,0.3242139001018501,0.5964276203753639
0.2515223263231883,0.2118003489701555,0.23266500242204777,0.2500697232977327,0.18216236375202066,0.2967743533166369,0.6905902529961226,0.149409200995787,0.004868997919102763,0.03760257895933696,0.38729005775888575,0.19099305681926598,0.190993056819266,0.18179141909839633,0.6527095364104974,0.3324888665408522,0.6257882472840638
0.244716702903422,0.2032274627838268,0.21604087642305042,0.22594136560620218,0.3093973692302343,0.2763042500562175,0.6798437914597558,0.14294785206365596,0.008123667705590249,0.024282223405692274,0.36804075164189676,0.17727670898576947,0.17727670898576942,0.17231237152495485,0.671738912005248,0.3434134794262443,0.5904617834853048
0.19564437477659447,0.17433898648276536,0.1650747385868369,0.22050204392211312,0.47159135458121154,0.25291706696567073,0.6662918485544891,0.09916555683927447,0.0,0.011800653626628379,0.344181645081513,0.13756465552690614,0.1375646555269061,0.17205514423722207,0.6998092037736416,0.3252325845177516,0.5475303146211883
0.22458633803263364,0.18737848399915905,0.1803864862862253,0.17133895227031934,0.39237781742787814,0.23264930874129508,0.6552254047383345,0.17017484727635346,0.006864059972802263,0.0033576652211072485,0.3263948380833458,0.23281780176265413,0.2328178017626541,0.18649096793733477,0.7174995785063061,0.369274999970701,0.5867475930361806
0.2423526235301705,0.21115189721330632,0.22099889834096959,0.2478381521416092,0.316420527722079,0.21557683708297934,0.6444383836660463,0.21212306812842413,0.02198162473351104,0.0,0.31263467928981886,0.29128980573805147,0.29128980573805147,0.22584262367241711,0.7188963850428294,0.415761143095114,0.6224033610060512
0.2565369904582007,0.2243353974083695,0.24214369808089706,0.25355647342379856,0.12210109775628461,0.22141941009777483,0.6339555694284115,0.24544965271144512,0.042300136463542845,0.0018791802973873407,0.30204738190290287,0.33797307892530637,0.33797307892530637,0.2950136532175523,0.7120071216420376,0.4472543298446064,0.6489478154707425
0.2852640473449881,0.24234562555588057,0.27057967380123077,0.26178515264587277,0.13193461051503388,0.23012005368080374,0.6219787538312963,0.31059227342790685,0.0709003134319383,0.009808622392023987,0.2962401856107741,0.45566951318864934,0.45566951318864934,0.3719309905920776,0.6945000800550438,0.49150176639130905,0.6759533469240702
0.24629275581892335,0.24674012562090142,0.2545388641319089,0.2752440634642154,0.20708397450363702,0.22775942591591042,0.6093574659133653,0.258267564353892,0.08500164916181638,0.019320567767228323,0.28586922749387156,0.3458359140956215,0.34583591409562153,0.3907575968234589,0.6834276076455292,0.4759768905903774,0.6454241873130461
0.21684938080512256,0.19292555512208204,0.21684292246932743,0.2186192754671995,0.147501327793531,0.2213772790027883,0.59672491031154,0.2224485737427444,0.09049069554013642,0.028163443329932505,0.2726201419286998,0.4206827252237033,0.4206827252237033,0.4193048569174165,0.684510367380153,0.41672201884872734,0.6176887584871509
0.25044779447692816,0.2046682590504859,0.2258841586949733,0.22775454377234483,0.1096174522863616,0.22257447105214245,0.5854308744097491,0.2979211925880174,0.10840989348946233,0.039263960808881164,0.2650442574354732,0.6423055490865762,0.6423055490865763,0.48372234264164915,0.6777547236127339,0.45599826170879926,0.6436478756668161
0.3345511725295879,0.2910453528192042,0.266059111316515,0.25467225900186014,0.3798041751692042,0.23234582334837064,0.5775146817714837,0.4516765687529638,0.15127761861545935,0.05777621017751098,0.2692324382171874,0.9870312553441758,0.9870312553441758,0.705031113708309,0.6238410146601756,0.624020579218241,0.6822755969976769
0.33096925396008164,0.3075426734350124,0.32832665536451894,0.3446303696914924,0.3139551611453864,0.24249656133078143,0.5687782519465809,0.4460291209428413,0.1864420163670515,0.08048700487514733,0.27255144814591276,0.888438730878029,0.888438730878029,0.8664772442569718,0.5662475638370632,0.7068046871187197,0.6467354259487595
0.28662508457975766,0.2746200335427306,0.2680277900221422,0.3032775642717924,0.26876722807845266,0.25320373851396966,0.558500497865209,0.3786300023046241,0.2027297542238238,0.1023152892238226,0.26973208901340223,0.6666714189643381,0.666671418964338,0.8748871318087394,0.5354091087812048,0.6136834239343769,0.6133140416053011
0.29386063004950697,0.2806714438181244,0.28858916217618047,0.28396093877938017,0.26398239880986063,0.26135636911521865,0.5477134767929208,0.3918098922820869,0.21978449439853315,0.12360990100848374,0.2681312483754496,0.702856727912025,0.702856727912025,0.7768042054543521,0.5038192012060766,0.6897184223666166,0.6465110732963121
0.3127731557240408,0.2726028967842663,0.28428732940806595,0.2884239746844575,0.18827260027312662,0.26964389640716313,0.5372509457616608,0.4266331660438698,0.24080959677477987,0.1453696648874568,0.2691660336586611,0.7974391733372187,0.7974391733372187,0.7453956799217879,0.4761008736567582,0.7487288165035418,0.6761581989897417
0.2738018641979762,0.267199828340013,0.28530810517094407,0.29755924298960285,0.09351961759546307,0.27167573439322723,0.5264864566187465,0.36530463947103026,0.24703975687442561,0.16417731412826778,0.2649854398242093,0.6025418805405933,0.6025418805405933,0.7232613498282547,0.45036242664667697,0.6691295335951345,0.6509538823910022
0.327029121671329,0.2975289909820246,0.28895374878925423,0.27649924243415763,0.31786524889907336,0.2765909087400602,0.5180114219311628,0.45949888244420684,0.26974624756716237,0.18432529465050407,0.26819159677779153,0.8578497852861249,0.8578497852861248,0.7767572516926284,0.40977107489827547,0.7678367926126688,0.6866773909237875
0.3293932010445803,0.3250486723557616,0.334597166838261,0.35843787039670616,0.29671804892416337,0.28637068725528575,0.509096975079026,0.46344848854439624,0.28957944293915755,0.2048999470981329,0.27140280285762197,0.7516877644180677,0.7516877644180677,0.7609661387023978,0.36362011418509455,0.826676430524419,0.7214093425712834
0.34594164734586264,0.32288742299291867,0.33590965639408377,0.3331938335342833,0.23645292656602934,0.3015630700562279,0.4980530631922452,0.49184889336622456,0.3112645014600635,0.22623202730206698,0.2764809472874763,0.8509005906877081,0.8509005906877082,0.8466872246031959,0.3207656506657121,0.8096707746159796,0.7533155632904331
0.34479551648034523,0.3227433103885401,0.33598252921421295,0.3594141561757178,0.141689035186699,0.31266649822804976,0.48642101740411897,0.48961748220207874,0.328752977981809,0.2472271308395927,0.2809249749445385,0.8440291974237958,0.8440291974237958,0.8419170444124368,0.280972220254857,0.7778572184017539,0.7258526631567742
0.350239993353862,0.31726824060495173,0.33634711582728677,0.333891226122364,0.11572768880746755,0.31451285648052124,0.475280211000361,0.4998572234399843,0.3447656752568064,0.2676210641218319,0.2856606073746197,0.8766704453299171,0.8766704453299173,0.8850548555252842,0.24402117773049162,0.7549966263562401,0.7520982791211693
0.24636435483818075,0.28290469452030237,0.25045576108039574,0.32140860108303326,0.47186748109215193,0.3045560244507004,0.45971372862238924,0.32209760821635364,0.3260753787497898,0.27973673763044477,0.2763066289003756,0.2539052932379252,0.2539052932379252,0.6790017432959938,0.24635658101747465,0.5059653109225557,0.7091538631461607
0.19335200373408035,0.1736906446516253,0.1837405273678048,0.2120641682050483,0.37182036913682853,0.29357906675057716,0.44475115902931234,0.2563403806107156,0.29593249310835473,0.28265655146328905,0.260883123166025,0.10901823686034327,0.10901823686034336,0.4253124821013037,0.2710392839371693,0.2438738916025384,0.6709004891450463
0.16326380030104382,0.15200636953527696,0.15552317010785846,0.19072527445867216,0.2917784524506739,0.2782096175705832,0.42718365702394306,0.2231597120444513,0.26415669286758536,0.2778527823080313,0.24297802071812633,0.08473956375986641,0.08473956375986644,0.15197729250256028,0.3019359543693558,0.1805205593974659,0.6364001469257325
0.17837950103681938,0.14091200743801316,0.15552317010785846,0.15139473729293565,0.2522896342107793,0.2623933343590592,0.41053329016060264,0.25557386935739557,0.24525980005004014,0.26976387428995074,0.2287628178962241,0.15147111064118332,0.1514711106411834,0.11662210258249643,0.3306257197706718,0.22422030936845408,0.6690489244147666
0.15466721759652477,0.1602910305128483,0.16281445734447883,0.20125522153281017,0.1376548609515524,0.24837282635710992,0.39221991699461395,0.2279529115967623,0.22481834717517368,0.2586998120816722,0.2127880834283684,0.04678808061042858,0.04678808061042861,0.09514334483585178,0.3441877147562463,0.2688262586505218,0.6417751799728334
0.17207539868629462,0.16129959889208076,0.16354363057062646,0.15906552372597899,0.13817438786843286,0.23013690611879858,0.3733657259474405,0.2669479710457212,0.21594960159084037,0.24785586740780052,0.20062040066149825,0.12364028037388396,0.12364028037388398,0.10856993925042877,0.3560889302261488,0.32374567380060115,0.6690732841641489
0.17042763744005632,0.13651750737299212,0.1461174585253523,0.17524409538636604,0.15181162853961802,0.2114288474630519,0.35632101421670886,0.26477579125226813,0.2104330256220892,0.23794120685555328,0.1893951981044434,0.15085774231719462,0.1508577423171947,0.10835823498300719,0.37337214225447546,0.3240011202119335,0.6411357525356357
0.11268712758945232,0.11216775366703921,0.12234779092999291,0.14232916568373044,0.2822578830709904,0.18397800126483335,0.33851916020304934,0.19441689172115112,0.19048626819689943,0.22552769442758283,0.17165788528960851,0.004054879692847746,0.004054879692847737,0.09360885742140623,0.3974894309053184,0.2809951657472304,0.6070818139126137
0.06268357496635939,0.07701175314687075,0.059351073655841365,0.10550909286504814,0.41726124772366074,0.15077730905415876,0.31915795432637273,0.14430536231042163,0.16182243004405994,0.20915648276590698,0.14904450534070493,0.03944690671520783,0.03944690671520782,0.06454948836848155,0.43769896568232064,0.2420847349916362,0.5666977930130996
0.07034893317461306,0.033859206932179024,0.06117389546499646,0.07336125244643384,0.21712884335718022,0.1178379840058785,0.30228450313863625,0.16308934068596181,0.14425605728730057,0.19211257176388308,0.1295912220087853,0.06338810162975006,0.06338810162975003,0.03435931473358484,0.47503639083239413,0.27106897743161373,0.597697939747023
0.14363495649949662,0.10258629910147825,0.09865110741097667,0.12119946843234468,0.29377951741267416,0.10574814790419994,0.28783345613630246,0.3225743879339212,0.15561175927536486,0.1810289255033603,0.12161289455208553,0.29427388521809794,0.29427388521809794,0.13452849457808383,0.4628978069958556,0.3850630357103134,0.6322921085600862
0.12586867100195995,0.0888985696796534,0.10973389516237955,0.1375174334846124,0.08281204511566292,0.09780628855799214,0.2729227137630408,0.2998373044490626,0.1617088183217425,0.17353194051017262,0.11206174121978038,0.2385216186626104,0.23852161866261032,0.20323919320190714,0.45162626486192703,0.39060747694128306,0.6075898521503873
0.15695969795051906,0.1136085499336983,0.1345243385206172,0.14198046938968997,0.1276420364091554,0.09706438248807851,0.25832294158550034,0.3602767769344033,0.17852752763470334,0.17131330367345482,0.10750239165134119,0.342217795095803,0.342217795095803,0.29947734845379514,0.4261945989336859,0.44189555691586724,0.634394111973648
0.13661442671047871,0.12751239329923658,0.1416697688607653,0.16562063098812996,0.054903495488910964,0.09214920814124551,0.2443203188317863,0.33174537474530663,0.18785647109448284,0.17163448975057527,0.1007059852166308,0.31141740670920004,0.3114174067092001,0.30539444021800366,0.39447088918136364,0.4504975213481418,0.6110004408411338
0.1223583514517111,0.07722786709058417,0.10156768905935319,0.09797769982388549,0.07042589616688677,0.08834689933151119,0.23009911607650246,0.3119348812105369,0.19306946179629503,0.17306273165752342,0.0926850703769496,0.42729826458661296,0.42729826458661296,0.3705507581572074,0.3822983114782606,0.4024945657633061,0.5868789502674298
